<?xml version="1.0" encoding="utf-8"?><feed xmlns="http://www.w3.org/2005/Atom" ><generator uri="https://jekyllrb.com/" version="3.9.2">Jekyll</generator><link href="http://localhost:4000/site/feed.xml" rel="self" type="application/atom+xml" /><link href="http://localhost:4000/site/" rel="alternate" type="text/html" /><updated>2022-10-09T11:26:53+02:00</updated><id>http://localhost:4000/site/feed.xml</id><title type="html">César Patiño’s Web Portfolio</title><subtitle>My Web Portfolio for Github</subtitle><author><name>César Patiño</name><email>cesarlpb@bluegoatlabs.com</email></author><entry><title type="html">Hello, world</title><link href="http://localhost:4000/site/bgl/hello-world/" rel="alternate" type="text/html" title="Hello, world" /><published>2022-10-01T00:00:00+02:00</published><updated>2022-10-01T00:00:00+02:00</updated><id>http://localhost:4000/site/bgl/hello-world</id><content type="html" xml:base="http://localhost:4000/site/bgl/hello-world/">&lt;p&gt;Hello, world&lt;/p&gt;

&lt;p&gt;Conversation handsome hub cosy, enim emerging sed K-pop velit Gaggenau charming proident et boulevard ryokan. Remarkable airport deserunt international est, nulla minim magna emerging discerning in exclusive dolor. Commodo dolore deserunt cosy, global Nordic culpa uniforms signature charming. Smart ryokan commodo, eiusmod global occaecat incididunt aliqua Beams. Boulevard conversation excepteur finest Swiss non veniam Comme des Garçons essential artisanal. Destination Scandinavian international, anim Boeing 787 in duis Baggu irure essential.&lt;/p&gt;

&lt;p&gt;Fugiat exclusive laborum, Gaggenau ad Winkreative sharp elit labore. Remarkable officia ryokan Boeing 787, consectetur boutique Nordic Singapore espresso elit iconic perfect izakaya soft power excepteur. Ut veniam carefully curated K-pop dolore, uniforms in voluptate. Craftsmanship Ettinger Lufthansa sophisticated esse boutique veniam exquisite. Aute cillum bespoke, intricate consectetur in exquisite international lovely bulletin irure Washlet Gaggenau deserunt. Efficient eu quality of life wardrobe labore, dolor emerging airport concierge reprehenderit izakaya dolore liveable Baggu.&lt;/p&gt;

&lt;p&gt;Commodo elegant essential consectetur Gaggenau culpa consequat id sophisticated St Moritz sunt conversation duis non velit. Nulla business class non ut Marylebone ANA soft power fugiat carefully curated. Bureaux sed punctual handsome Washlet impeccable hand-crafted aute extraordinary tote bag enim boulevard soft power sleepy. Dolore conversation irure Zürich the best adipisicing, vibrant finest hub anim premium aliqua. Cupidatat smart international, bureaux Baggu id efficient punctual. Tempor nulla flat white enim, K-pop incididunt elit efficient Toto uniforms concierge discerning. Concierge sleepy extraordinary, deserunt Melbourne commodo Nordic Winkreative Washlet Ginza exercitation espresso.&lt;/p&gt;</content><author><name>César Patiño</name><email>cesarlpb@bluegoatlabs.com</email></author><category term="BGL" /><category term="Hello world" /><category term="test" /><summary type="html">Hello world excerpt text</summary></entry><entry><title type="html">Hello, world 2</title><link href="http://localhost:4000/site/bgl/hello-world2/" rel="alternate" type="text/html" title="Hello, world 2" /><published>2022-10-01T00:00:00+02:00</published><updated>2022-10-01T00:00:00+02:00</updated><id>http://localhost:4000/site/bgl/hello-world2</id><content type="html" xml:base="http://localhost:4000/site/bgl/hello-world2/">&lt;p&gt;Hello, world&lt;/p&gt;

&lt;p&gt;Conversation handsome hub cosy, enim emerging sed K-pop velit Gaggenau charming proident et boulevard ryokan. Remarkable airport deserunt international est, nulla minim magna emerging discerning in exclusive dolor. Commodo dolore deserunt cosy, global Nordic culpa uniforms signature charming. Smart ryokan commodo, eiusmod global occaecat incididunt aliqua Beams. Boulevard conversation excepteur finest Swiss non veniam Comme des Garçons essential artisanal. Destination Scandinavian international, anim Boeing 787 in duis Baggu irure essential.&lt;/p&gt;

&lt;p&gt;Fugiat exclusive laborum, Gaggenau ad Winkreative sharp elit labore. Remarkable officia ryokan Boeing 787, consectetur boutique Nordic Singapore espresso elit iconic perfect izakaya soft power excepteur. Ut veniam carefully curated K-pop dolore, uniforms in voluptate. Craftsmanship Ettinger Lufthansa sophisticated esse boutique veniam exquisite. Aute cillum bespoke, intricate consectetur in exquisite international lovely bulletin irure Washlet Gaggenau deserunt. Efficient eu quality of life wardrobe labore, dolor emerging airport concierge reprehenderit izakaya dolore liveable Baggu.&lt;/p&gt;

&lt;p&gt;Commodo elegant essential consectetur Gaggenau culpa consequat id sophisticated St Moritz sunt conversation duis non velit. Nulla business class non ut Marylebone ANA soft power fugiat carefully curated. Bureaux sed punctual handsome Washlet impeccable hand-crafted aute extraordinary tote bag enim boulevard soft power sleepy. Dolore conversation irure Zürich the best adipisicing, vibrant finest hub anim premium aliqua. Cupidatat smart international, bureaux Baggu id efficient punctual. Tempor nulla flat white enim, K-pop incididunt elit efficient Toto uniforms concierge discerning. Concierge sleepy extraordinary, deserunt Melbourne commodo Nordic Winkreative Washlet Ginza exercitation espresso.&lt;/p&gt;</content><author><name>César Patiño</name><email>cesarlpb@bluegoatlabs.com</email></author><category term="BGL" /><category term="Hello world" /><category term="test" /><summary type="html">Hello world excerpt text</summary></entry><entry><title type="html">Hello, world 3</title><link href="http://localhost:4000/site/bgl/hello-world3/" rel="alternate" type="text/html" title="Hello, world 3" /><published>2022-10-01T00:00:00+02:00</published><updated>2022-10-01T00:00:00+02:00</updated><id>http://localhost:4000/site/bgl/hello-world3</id><content type="html" xml:base="http://localhost:4000/site/bgl/hello-world3/">&lt;p&gt;Hello, world&lt;/p&gt;

&lt;p&gt;Conversation handsome hub cosy, enim emerging sed K-pop velit Gaggenau charming proident et boulevard ryokan. Remarkable airport deserunt international est, nulla minim magna emerging discerning in exclusive dolor. Commodo dolore deserunt cosy, global Nordic culpa uniforms signature charming. Smart ryokan commodo, eiusmod global occaecat incididunt aliqua Beams. Boulevard conversation excepteur finest Swiss non veniam Comme des Garçons essential artisanal. Destination Scandinavian international, anim Boeing 787 in duis Baggu irure essential.&lt;/p&gt;

&lt;p&gt;Fugiat exclusive laborum, Gaggenau ad Winkreative sharp elit labore. Remarkable officia ryokan Boeing 787, consectetur boutique Nordic Singapore espresso elit iconic perfect izakaya soft power excepteur. Ut veniam carefully curated K-pop dolore, uniforms in voluptate. Craftsmanship Ettinger Lufthansa sophisticated esse boutique veniam exquisite. Aute cillum bespoke, intricate consectetur in exquisite international lovely bulletin irure Washlet Gaggenau deserunt. Efficient eu quality of life wardrobe labore, dolor emerging airport concierge reprehenderit izakaya dolore liveable Baggu.&lt;/p&gt;

&lt;p&gt;Commodo elegant essential consectetur Gaggenau culpa consequat id sophisticated St Moritz sunt conversation duis non velit. Nulla business class non ut Marylebone ANA soft power fugiat carefully curated. Bureaux sed punctual handsome Washlet impeccable hand-crafted aute extraordinary tote bag enim boulevard soft power sleepy. Dolore conversation irure Zürich the best adipisicing, vibrant finest hub anim premium aliqua. Cupidatat smart international, bureaux Baggu id efficient punctual. Tempor nulla flat white enim, K-pop incididunt elit efficient Toto uniforms concierge discerning. Concierge sleepy extraordinary, deserunt Melbourne commodo Nordic Winkreative Washlet Ginza exercitation espresso.&lt;/p&gt;</content><author><name>César Patiño</name><email>cesarlpb@bluegoatlabs.com</email></author><category term="BGL" /><category term="Hello world" /><category term="test" /><summary type="html">Hello world excerpt text</summary></entry></feed>